{"polysizes": {
"min": 0,
"max": 61710,
"mean": 161.876,
"std": 775.651,
"hist": [0, 0, 0, 0, 0, 0, 0, 0, 0, 0, 0, 0, 0, 0, 0, 0, 0, 0, 0, 0, 0, 0, 0, 0, 0, 0, 0, 0, 0, 0, 0, 0, 0, 0, 0, 0, 0, 0, 0, 0, 0, 0, 0, 0, 0, 0, 0, 0, 0, 0, 0, 0, 0, 0, 0, 0, 0, 0, 0, 0, 0, 0, 0, 0, 0, 0, 0, 0, 0, 0, 0, 0, 0, 0, 0, 0, 0, 0, 0, 0, 0, 0, 0, 0, 0, 0, 0, 0, 0, 0, 0, 0, 0, 0, 0, 0, 0, 0, 0, 0, 0, 0, 0, 0, 0, 0, 0, 0, 0, 0, 0, 0, 0, 0, 0, 0, 0, 0, 0, 0, 0, 0, 0, 0, 0, 0, 0, 0, 0, 0, 0, 0, 0, 0, 0, 0, 0, 0, 0, 0, 0, 0, 0, 0, 0, 0, 0, 0, 0, 0, 0, 0, 0, 0, 0, 0, 0, 0, 0, 0, 0, 0, 0, 0, 0, 0, 0, 0, 0, 0, 0, 0, 0, 0, 0, 0, 0.465116, 2, 2, 2, 2, 2, 2, 2, 2, 2, 2, 2, 2, 2, 2, 2, 2, 2, 2, 2, 2, 2, 2, 2, 2, 2, 2, 2, 2, 2, 2, 2, 2, 2, 2, 2, 2, 2, 2, 2, 2, 2, 2, 2, 2, 2, 2, 2, 2, 2, 2, 2, 2, 2, 2, 2, 2, 2, 2, 2, 2, 2, 2, 2, 2, 2, 2, 2.51163, 4, 4, 4, 4, 4, 4, 4, 4, 4, 4, 4, 4, 4, 4, 4, 4, 4, 4, 4, 4, 4, 4, 4, 4, 4, 4, 4, 4, 4, 4, 4, 4, 4, 4, 4, 4, 4, 4, 5.53488, 6, 6, 6, 6, 6, 6, 6, 6, 6, 6, 6, 6, 6, 6, 6, 6, 6, 6, 6, 6, 6, 6, 6, 6, 6, 7.44186, 8, 8, 8, 8, 8, 8, 8, 8, 8, 8, 8, 8, 8, 8, 8, 8, 8, 8, 8, 8, 8, 8.46512, 10, 10, 10, 10, 10, 10, 10, 10, 10, 10, 10, 10, 10, 10, 10, 10, 11.0698, 12, 12, 12, 12, 12, 12, 12, 12, 12, 12, 12, 12, 12, 12, 12, 12, 13.0698, 14, 14, 14, 14, 14, 14, 14, 14, 14, 14, 14, 14, 14, 14, 15.6279, 16, 16, 16, 16, 16, 16, 16, 16, 16, 16, 16, 16, 16.4186, 18, 18, 18, 18, 18, 18, 18, 18, 18, 18, 18, 18, 18.7442, 20, 20, 20, 20, 20, 20, 20, 20, 20, 20, 20.5116, 22, 22, 22, 22, 22, 22, 22, 22, 22, 22.7442, 24, 24, 24, 24, 24, 24, 24, 24, 24, 25.8605, 26, 26, 26, 26, 26, 26, 26, 26, 27.7674, 28, 28, 28, 28, 28, 28, 28, 28, 28.186, 30, 30, 30, 30, 30, 30, 30, 31.1628, 32, 32, 32, 32, 32, 32, 32, 33.0233, 34, 34, 34, 34, 34, 34, 34.7442, 36, 36, 36, 36, 36, 36, 36, 36.9302, 38, 38, 38, 38, 38, 38.3721, 40, 40, 40, 40, 40, 40.093, 42, 42, 42, 42, 42, 42, 42.8837, 44, 44, 44, 44, 44, 44, 45.5349, 46, 46, 46, 46, 46, 46.093, 48, 48, 48, 48, 48, 48, 49.7209, 50, 50, 50, 50, 50, 50, 51.814, 52, 52, 52, 52, 52.3256, 54, 54, 54, 54, 54, 54.2326, 56, 56, 56, 56, 56, 56.6047, 58, 58, 58, 58, 58, 59.1628, 60, 60, 60, 60, 60.186, 62, 62, 62, 62, 62, 63.7674, 64, 64, 64, 64, 64, 65.4884, 66, 66, 66, 66, 66, 67.8605, 68, 68, 68, 68, 69.3488, 70, 70, 70, 70, 70, 70.5581, 72, 72, 72, 72, 72, 72.7907, 74, 74, 74, 74, 74, 75.0698, 76, 76, 76, 76, 76, 77.7674, 78, 78, 78, 78, 79.8605, 80, 80, 80, 80, 81.1628, 82, 82, 82, 82, 82.8372, 84, 84, 84, 84, 84.186, 86, 86, 86, 86, 86, 88, 88, 88, 88, 88, 89.3023, 90, 90, 90, 90, 91.6744, 92, 92, 92, 93.0698, 94, 94, 94, 94, 95.2093, 96, 96, 96, 96, 96.6977, 98, 98, 98, 98.186, 100, 100, 100, 100, 101.163, 102, 102, 102, 102, 103.953, 104, 104, 104, 105.721, 106, 106, 106, 106.93, 108, 108, 108, 108, 109.767, 110, 110, 110, 111.907, 112, 112, 112, 112.837, 114, 114, 114, 114.047, 116, 116, 116, 116.465, 118, 118, 118, 118.884, 120, 120, 120.047, 122, 122, 122, 123.395, 124, 124, 125.349, 126, 126, 126.372, 128, 128, 128, 128.884, 130, 130, 130.186, 132, 132, 132, 133.488, 134, 134, 134, 135.814, 136, 136, 136.837, 138, 138, 139.163, 140, 140, 140.93, 142, 142, 142.651, 144, 144, 144.558, 146, 146, 146.047, 148, 148, 148.093, 150, 150, 150.372, 152, 152, 153.209, 154, 154, 155.116, 156, 156, 157.395, 158, 158, 159.535, 160, 160.326, 162, 162, 163.395, 164, 164.372, 166, 166, 167.767, 168, 169.023, 170, 170, 171.535, 172, 172.465, 174, 174, 175.163, 176, 177.209, 178, 178, 179.349, 180, 180, 181.953, 182, 184, 184, 186, 186, 187.488, 188, 189.814, 190, 190.744, 192, 192, 193.953, 194, 195.674, 196.093, 198, 198, 199.674, 200, 201.256, 202, 203.209, 204, 205.442, 206, 207.116, 208, 208.977, 210, 211.488, 212, 214, 214, 215.907, 216.651, 218, 219.86, 220.651, 222, 223.767, 224.326, 226, 227.07, 228, 229.953, 230.465, 232, 232.744, 234, 235.814, 236.977, 238, 240, 240.977, 242, 243.953, 245.907, 246.93, 248.744, 250.372, 252, 254, 255.07, 256.093, 258, 259.488, 260.465, 262, 263.86, 265.116, 266.791, 268, 269.349, 271.163, 272.186, 274, 275.767, 277.209, 278.372, 280, 281.395, 282.744, 284.651, 286.047, 288.186, 290.233, 292, 293.674, 295.395, 297.349, 299.302, 301.349, 302.837, 304.605, 306.558, 308.605, 310.372, 312.093, 314.326, 316, 317.767, 320.279, 322.558, 324.698, 327.395, 329.814, 332.372, 334.419, 336.744, 338.93, 341.581, 344.558, 346.791, 349.488, 352.186, 354.837, 357.535, 360.558, 363.07, 365.674, 368.14, 370.465, 373.023, 376.047, 379.302, 382.558, 386.326, 388.884, 392.558, 395.302, 398.744, 403.116, 406.837, 411.209, 415.442, 419.721, 423.349, 427.023, 430.419, 434.465, 438.791, 444.093, 449.023, 454.651, 459.907, 464.977, 469.023, 473.581, 477.86, 483.163, 488.279, 493.535, 498.977, 505.488, 511.395, 517.767, 524.14, 530.651, 537.767, 543.86, 550.186, 556.791, 563.442, 571.302, 580.326, 590, 597.209, 606.093, 614.791, 625.302, 637.535, 647.442, 656.093, 666.977, 676.419, 688.512, 700.186, 712.837, 725.116, 737.581, 757.023, 775.581, 796, 817.256, 837.581, 859.209, 879.163, 900.419, 926.837, 954.186, 987.581, 1021.35, 1055.77, 1093.16, 1130.23, 1165.91, 1209.91, 1259.77, 1307.67, 1368.19, 1430.37, 1485.21, 1572.84]
},
"size": 43431
}
